0,1
Borderline Personality Disorder,350
Osteoarthritis,132
Acute Myeloid Leukemia,130
Non-Hodgkin's Lymphoma,130
Bipolar Disorder,126
Muscle Pain,125
Angina,121
Renal Cell Carcinoma,117
Skin or Soft Tissue Infection,112
Tinea Corporis,108
COPD,104
High Cholesterol,100
Schizophrenia,99
HIV Infection,90
Multiple Myeloma,90
Psoriasis,90
Acne,88
Urinary Tract Infection,84
Sinusitis,84
Eczema,80
Colorectal Cancer,80
Obsessive Compulsive Disorder,80
Hodgkin's Lymphoma,78
Insomnia,78
Breast Cancer,77
Atopic Dermatitis,75
Anthrax,72
Vaginal Yeast Infection,72
Tinea Cruris,72
GERD,70
Post Traumatic Stress Disorder,70
Chronic Myelogenous Leukemia,65
Otitis Media,65
Anxiety,64
Reflex Sympathetic Dystrophy Syndrome,64
Aspiration Pneumonia,60
Tinea Pedis,60
Migraine,60
Chronic Fatigue Syndrome,60
Benign Prostatic Hyperplasia,60
Urinary Incontinence,60
Pancreatic Cancer,60
Oral Thrush,60
Acute Lymphocytic Leukemia,56
Atrial Fibrillation,55
ADHD (Attention Deficit Hyperactivity Disorder),54
Clostridioides difficile Infection,54
Cancer,52
"High Cholesterol, Familial Heterozygous",50
Mitral Valve Prolapse,49
Chronic Lymphocytic Leukemia,48
Endometrial Cancer,48
Muscle Spasm (Involuntary Hypertonicity),48
Prostatitis,48
Major Depressive Disorder,48
Restless Legs Syndrome,48
Left Ventricular Dysfunction,48
Seizures (Convulsions),45
Pneumonia,45
Bursitis,45
Hyperhidrosis,45
Rheumatoid Arthritis,44
Asthma,44
"Conjunctivitis, Bacterial",44
Upper Respiratory Tract Infection,44
Back Pain,40
Bacterial Skin Infection,40
Deep Vein Thrombosis,40
Persistent Depressive Disorder,40
Nonalcoholic Fatty Liver Disease,40
Nausea/Vomiting,40
Skin and Structure Infection,39
"Conjunctivitis, Allergic",36
Edema,36
Non-Small Cell Lung Cancer,36
Melanoma,36
Postpartum Depression,36
Urinary Frequency,36
Diarrhea,36
High Blood Pressure (Hypertension),36
Head Lice,36
Idiopathic Thrombocytopenic Purpura,36
Juvenile Rheumatoid Arthritis,36
Somatoform Pain Disorder,36
Ventricular Tachycardia,36
Temporomandibular Joint Disorder,36
Methicillin-Resistant Staphylococcus Aureus Infection,35
Testicular Cancer,35
Otitis Externa,35
Dermal Ulcer,33
Ovarian Cancer,33
Cough,33
Hepatitis C,33
Narcolepsy,33
Urticaria,33
Pruritus,33
Panic Disorder,33
Raynaud's Syndrome,33
Abnormal Uterine Bleeding,32
Alcohol Withdrawal,32
Alzheimer's Disease,32
Plague,32
Postural Orthostatic Tachycardia Syndrome,32
Systemic Lupus Erythematosus,32
Soft Tissue Sarcoma,30
Amebiasis,30
Arrhythmia,30
Coronary Artery Disease,30
Urinary Tract Stones,30
Bladder Infection,30
Brain Tumor,30
Prostate Cancer,30
Facial Wrinkles,30
Heart Failure (Congestive Heart Failure),30
Coccidioidomycosis,30
Nephrotic Syndrome,30
Diaper Rash,30
Hyperekplexia,30
"High Cholesterol, Familial Homozygous",30
Influenza,30
"Hyperlipoproteinemia Type IIa, Elevated LDL",30
"Hyperlipoproteinemia Type IIb, Elevated LDL   VLDL",30
Strep Throat (Streptococcal Pharyngitis),30
Irritable Bowel Syndrome,30
Obesity,30
Pulmonary Hypertension,30
Rhinorrhea,30
Lice,28
Bone infection (Osteomyelitis),28
Cutaneous T-cell Lymphoma,28
Small Cell Lung Cancer,28
Warts,28
"Diabetes, Type 2",28
Dissociative Identity Disorder,28
Drowsiness (Hypersomnia),28
Emergency Contraception (Postcoital Contraception),28
Laryngopharyngeal Reflux,28
Hepatocellular Carcinoma,28
Migraine Prevention (Migraine Prophylaxis),28
"Asthma, acute",27
Allergic Rhinitis,27
Allergies,27
Diabetic Peripheral Neuropathy,27
Bacterial Infection,26
Diabetic Kidney Disease (Diabetic Nephropathy),26
Aseptic Necrosis,25
Wilms' Tumor (Nephroblastoma),25
Chronic Myofascial Pain,25
Erectile Dysfunction,25
Anxiety and Stress,24
Alopecia,24
Iron Deficiency Anemia,24
Generalized Anxiety Disorder,24
Bacterial Endocarditis Prevention (Bacterial Endocarditis Prophylaxis),24
Basal Cell Carcinoma,24
Osteosarcoma,24
Osteoporosis,24
Cutaneous Candidiasis,24
Hepatitis B,24
Constipation,24
Traveler's Diarrhea,24
"Onychomycosis, Toenail",24
Gender Dysphoria,24
Inflammatory Bowel Disease,24
Kidney Infections (Pyelonephritis),24
Polycystic Ovary Syndrome,24
Plaque Psoriasis,24
Lymphoma,22
Tinea Versicolor,22
Premenstrual Dysphoric Disorder,22
Supraventricular Tachycardia,22
Autism,21
Interstitial Cystitis,21
Burning Mouth Syndrome (Glossopyrosis),21
Indigestion,21
"Hyperlipoproteinemia Type IV, Elevated VLDL",21
Mania,21
Streptococcal Infection,21
Acute Otitis Externa,20
Thyroid Cancer,20
"Anemia, Sickle Cell",20
Bartonellosis,20
Primary Biliary Cholangitis,20
"Breast Cancer, Metastatic",20
Thrombotic/Thromboembolic Disorder,20
Cervical Cancer,20
Stomach Cancer,20
Hairy Cell Leukemia,20
Ischemic Stroke,20
Condylomata Acuminata,20
Paranoid Disorder,20
Dental Abscess,20
"Diabetes, Type 1",20
Nonketotic Hyperosmolar Syndrome,20
Fibromyalgia,20
Human Papilloma Virus,20
"Hypogonadism, Male",20
Total Parenteral Nutrition,20
Premenstrual Syndrome,20
Glomerulonephritis,18
Alport Syndrome,18
"Sexual Dysfunction, SSRI Induced",18
Prosthetic Heart Valves - Thrombosis Prophylaxis,18
Body Dysmorphic Disorder,18
Cervical Dystonia (Spasmodic Torticollis),18
Trophoblastic Disease,18
Cold Sores (Herpes Simplex Labialis),18
Scleroderma,18
Dermatological Disorders,18
Dietary Supplementation,18
Diffuse Large B-Cell Lymphoma,18
"Onychomycosis, Fingernail",18
Stomach Ulcer (Gastric Ulcer),18
Heart Attack (Myocardial Infarction),18
Ramsay Hunt Syndrome,18
Multiple Sclerosis,18
Periodic Limb Movement Disorder,18
Social Anxiety Disorder,18
Trigeminal Neuralgia,18
Rosacea,16
Allergic Reactions,16
"Aspergillosis, Invasive",16
"Asthma, Maintenance",16
Bladder Cancer,16
Nasal Congestion,16
Esophageal Candidiasis,16
Systemic Sclerosis,16
Cold Symptoms,16
Ulcerative Colitis,16
Opioid-Induced Constipation,16
"Gonococcal Infection, Uncomplicated",16
Underactive Thyroid (Hypothyroidism),16
Malaria Prevention (Malaria Prophylaxis),16
Positron Emission Tomography Imaging,16
Seizure Prevention (Seizure Prophylaxis),16
Tendonitis,15
AIDS Related Wasting,15
Ascariasis,15
Campylobacter Gastroenteritis,15
Crohn's Disease,15
Cushing's Syndrome,15
Fatigue,15
Tinea Capitis,15
Hereditary Angioedema,15
Hypotension,15
Linear IgA Disease,15
Systemic Mastocytosis,15
Meningitis,15
Frozen Shoulder,14
Myelofibrosis,14
Pseudomembranous Colitis,14
Bacterial Vaginitis,14
Vertigo,14
Leukemia,14
"COPD, Maintenance",14
"Crohn's Disease, Acute",14
Ehrlichiosis,14
Peritoneal Cancer,14
Graft-versus-host disease,14
Headache,14
Hemorrhoids,14
Intraabdominal Infection,14
Keratosis,14
Lichen Sclerosus,14
Neuralgia,14
Peripheral Neuropathy,14
Pemphigus,14
Postherpetic Neuralgia,14
Rabbit Fever (Tularemia),14
Uveitis,14
Anesthesia,13
Bacteremia,13
Bullous Pemphigoid,13
Endocarditis,13
Helicobacter Pylori Infection,13
"Melanoma, Metastatic",13
Peritonitis,13
Psoriatic Arthritis,13
Vulvodynia,13
Alkylating Agent Cystitis,12
Polycystic Kidney Disease,12
Thalassemia,12
Hookworm Infection (Necator or Ancylostoma),12
Antiphospholipid Syndrome,12
Aphthous Ulcer,12
Occipital Neuralgia,12
Barrett's Esophagus,12
Gas,12
Benign Essential Tremor,12
Berylliosis,12
Birth Control (Contraception),12
Overactive Bladder,12
Bleeding Disorder,12
Bronchitis,12
Squamous Cell Carcinoma,12
Cardiovascular Risk Reduction,12
Chlamydia Infection,12
Nongonococcal Urethritis,12
"COPD, Acute",12
Renal Failure,12
Cough and Nasal Congestion,12
Leishmaniasis,12
Excoriation Disorder,12
Dermatitis,12
Dry Eye Disease (Keratoconjunctivitis Sicca),12
Gastritis/Duodenitis,12
Dysautonomia,12
Period Pain (Dysmenorrhea),12
Skin Rash,12
Eye Redness,12
Febrile Neutropenia,12
Influenza Prophylaxis,12
"Hyperlipoproteinemia Type III, Elevated beta-VLDL   IDL",12
Swine Flu,12
Hiatal Hernia,12
Keratitis,12
Lemierre's Syndrome,12
Lichen Simplex Chronicus,12
Mantle Cell Lymphoma,12
Opiate Withdrawal,12
Pemphigoid,12
Pityriasis rubra pilaris,12
Seborrheic Dermatitis,12
Small Fiber Neuropathy,12
Spondyloarthritis,12
Tonsillitis/Pharyngitis,12
"Breast Cancer, Palliative",11
Candidemia,11
"Crohn's Disease, Maintenance",11
Hot Flashes,11
Hyperlipoproteinemia,11
Hypertensive Emergency,11
Intraocular Hypertension,11
Local Anesthesia,11
"Nausea/Vomiting, Chemotherapy Induced",11
Pain,11
Schizoaffective Disorder,11
Septicemia,11
Surgical Prophylaxis,11
Tardive Dyskinesia,11
"Tuberculosis, Active",11
Abortion,10
Actinomycosis,10
Acute Lymphoblastic Leukemia,10
Dercum's Disease,10
Anal Itching,10
Diffuse Idiopathic Skeletal Hyperostosis,10
Ankylosing Spondylitis,10
Kaposi's Sarcoma,10
Varicella-Zoster,10
Chronic Inflammatory Demyelinating Polyradiculoneuropathy,10
Lyme Disease,10
Cluster Headaches,10
CMV Prophylaxis,10
CMV Retinitis,10
Cyclothymic Disorder,10
Cystic Fibrosis,10
Herpetic Keratitis,10
Depression,10
Diabetic Ketoacidosis,10
"Tuberculosis, Extrapulmonary",10
Epiglottitis,10
Erosive Esophagitis,10
Eye Conditions,10
Glioblastoma Multiforme,10
"Glaucoma, Open Angle",10
"Gonococcal Infection, Disseminated",10
Head and Neck Cancer,10
Hepatitis B Prevention (Hepatitis B Prophylaxis),10
Hypertriglyceridemia,10
Hypokalemia,10
Intermittent Explosive Disorder,10
Insulin Resistance Syndrome (Metabolic Syndrome),10
Plantar Fibromatosis,10
Motion Sickness,10
Nonoccupational Exposure,10
Nosocomial Pneumonia,10
Occupational Exposure,10
Ophthalmic Surgery,10
Parkinson's Disease,10
Sarcoidosis,10
"Ulcerative Colitis, Active",10
Respiratory Distress Syndrome,9
Still's Disease,9
Amenorrhea,9
Angina Pectoris Prophylaxis,9
Neurofibromatosis,9
Hyperbilirubinemia,9
Factor IX Deficiency,9
Chronic Pain,9
Conjunctivitis,9
Diagnosis and Investigation,9
Duodenal Ulcer,9
Dyspareunia,9
"Hyperlipoproteinemia Type V, Elevated Chylomicrons   VLDL",9
Glaucoma,9
Hypocalcemia,9
"Hypothyroidism, After Thyroid Removal (Hypothyroidism, Post-Thyroidectomy)",9
Inflammatory Conditions,9
Iritis,9
Joint Infection,9
Keratoconjunctivitis,9
Malaria,9
"Mycobacterium avium-intracellulare, Treatment",9
Nocturnal Leg Cramps,9
Night Terrors,9
Opiate Dependence,9
"Organ Transplant, Rejection Prophylaxis",9
Pelvic Inflammatory Disease,9
Peptic Ulcer,9
Peripheral Arterial Disease,9
Pinworm Infection (Enterobius vermicularis),9
Postoperative Ocular Inflammation,9
Shock,9
Sinus Symptoms,9
Tourette's Syndrome,9
Vitamin/Mineral Supplementation and Deficiency,9
Abdominal Distension,8
Adrenal Insufficiency,8
Adrenogenital Syndrome,8
Trypanosomiasis,8
Amyotrophic Lateral Sclerosis,8
Anal Cancer,8
Anaphylaxis,8
Pulmonary Fibrosis,8
Atrophic Vaginitis,8
Head Injury,8
Radiculopathy,8
Menopausal Disorders,8
"Diarrhea, Chronic",8
Cogan's Syndrome,8
"Constipation, Chronic",8
Merkel Cell Carcinoma,8
Cyclic Vomiting Syndrome,8
Prevention of Bladder infection (Cystitis Prophylaxis),8
Deep Neck Infection,8
"Deep Vein Thrombosis, Prophylaxis",8
Lewy Body Dementia,8
Dermatomyositis,8
Diabetic Macular Edema,8
Fish Tapeworm Infection (Diphyllobothrium latum),8
Xerostomia,8
Endometriosis,8
Epilepsy,8
Eustachian Tube Dysfunction,8
Fever,8
Follicular Lymphoma,8
Granulomatosis with Polyangiitis,8
Herpes Zoster,8
Whipworm Infection,8
"Ischemic Stroke, Prophylaxis",8
Light Sedation,8
Loeffler's Syndrome (Pulmonary Eosinophilia),8
Mycosis Fungoides,8
Neurosarcoidosis,8
Pertussis Prophylaxis,8
Pneumocystis Pneumonia,8
Pre-Exposure Prophylaxis,8
Prevention of Osteoporosis,8
Pulmonary Embolism,8
Sedation,8
Solid Tumors,8
Tetanus Prophylaxis,8
Thrombocythemia,8
Toxoplasmosis,8
Trichotillomania,8
Zollinger-Ellison Syndrome,8
Acute Nonlymphocytic Leukemia,7
Anthrax Prophylaxis,7
Auditory Processing Disorder,7
Ascites,7
Atrial Flutter,7
Bejel,7
Bowel Preparation,7
"Breast Cancer, Adjuvant",7
Bronchiectasis,7
Celiac Disease,7
Diphtheria Prophylaxis,7
Duodenal Ulcer Prophylaxis,7
Endometritis,7
Evan's Syndrome,7
Female Infertility,7
Gout,7
Gouty Arthritis,7
Hypercalcemia of Malignancy,7
Hyperkalemia,7
Impetigo,7
Juvenile Idiopathic Arthritis,7
Myasthenia Gravis,7
Paronychia,7
Pharyngitis,7
Postmenopausal Symptoms,7
Psychosis,7
Sciatica,7
Sepsis,7
Smoking Cessation,7
Transverse Myelitis,7
Urothelial Carcinoma,7
Weight Loss,7
CNS Infection,6
Acute Coronary Syndrome,6
Porphyria,6
Acute Promyelocytic Leukemia,6
Addison's Disease,6
Alcoholic Liver Damage,6
Cutaneous Larva Migrans,6
Androgenetic Alopecia,6
Anemia Associated with Chronic Renal Failure,6
Anorexia Nervosa,6
Avian Influenza,6
Balanoposthitis,6
Enuresis,6
Behcet's Disease,6
Pseudotumor Cerebri,6
Hemangioma,6
Blastomycosis,6
Blepharitis,6
Bone Marrow Transplantation,6
Respiratory Syncytial Virus,6
Brucellosis,6
Bulimia,6
Fallopian Tube Cancer,6
Meningeal Leukemia,6
Cryopyrin-Associated Periodic Syndromes,6
Diabetes Insipidus,6
Cesarean Section,6
Cholecystitis,6
New Daily Persistent Headache,6
Chronic Idiopathic Constipation,6
Cluster-Tic Syndrome,6
CNS Magnetic Resonance Imaging,6
Noninfectious Colitis,6
Myotonia Congenita,6
Cryptococcosis,6
Cryptosporidiosis,6
Cutaneous Bacillus anthracis,6
Cutaneous Mastocytosis,6
Synovitis,6
Deep Vein Thrombosis Prophylaxis after Hip Replacement Surgery,6
Depressive Psychosis,6
Dermatitis Herpetiformis,6
Dermatologic Lesion,6
"Diarrhea, Acute",6
Esophageal Spasm,6
Dog Tapeworm Infection (Dipylidium caninum),6
Dravet Syndrome,6
Dry Skin (Xerosis),6
Dwarf Tapeworm Infection (Hymenolepis nana),6
"Epididymitis, Sexually Transmitted",6
Hordeolum,6
Hypoactive Sexual Desire Disorder,6
Forehead Lines,6
Ovarian Cysts,6
Gastric Cancer,6
Haemophilus influenzae Prophylaxis,6
Huntington's Disease,6
Hyperphosphatemia of Renal Failure,6
Hypoestrogenism,6
Hypomagnesemia,6
Hypoparathyroidism,6
Idiopathic Pulmonary Fibrosis,6
Intertrigo,6
Kawasaki Disease (Mucocutaneous Lymph Node Syndrome),6
Lichen Planus,6
Toxic Epidermal Necrolysis,6
"Lyme Disease, Arthritis",6
"Lyme Disease, Neurologic",6
Macular Degeneration,6
Myelodysplastic Syndrome,6
Transient Ischemic Attack,6
Minor Skin Irritation,6
Nausea/Vomiting of Pregnancy,6
Osteolytic Bone Lesions of Multiple Myeloma,6
Nasal Polyps,6
"Nausea/Vomiting, Postoperative",6
Neuroendocrine Carcinoma,6
Neuropathic Pain,6
Oophorectomy,6
Paget's Disease,6
Perioral Dermatitis,6
Peripheral T-cell Lymphoma,6
Pertussis,6
Pheochromocytoma,6
Pneumocystis Pneumonia Prophylaxis,6
Prevention of Cardiovascular Disease,6
Prevention of Perinatal Group B Streptococcal Disease,6
Prevention of Thromboembolism in Atrial Fibrillation,6
Primary Ovarian Failure,6
Severe Mood Dysregulation,6
Sore Throat,6
Status Epilepticus,6
Syringomyelia,6
Tetanus,6
Thrombocytopenia,6
Topical Disinfection,6
"Toxoplasmosis, Prophylaxis",6
Trichostrongylosis,6
Wolff-Parkinson-White Syndrome,6
Acromegaly,5
Erythromelalgia,5
Adrenocortical Insufficiency,5
Agitation,5
Allergic Urticaria,5
Anemia,5
Anesthetic Adjunct,5
Atherosclerosis,5
Atrophic Urethritis,5
Tinea Barbae,5
Muscle Twitching (Fasciculations),5
"Burns, External",5
Echocardiography,5
Chancroid,5
Chorioretinitis,5
Neuronal Ceroid Lipofuscinosis,5
Corneal Ulcer,5
"Cryptococcal Meningitis, Immunosuppressed Host",5
Cyanide Poisoning,5
Dandruff,5
Deep Vein Thrombosis Prophylaxis after Knee Replacement Surgery,5
Dumping Syndrome,5
Enterocolitis,5
Fungal Infection Prophylaxis,5
Onychomycosis,5
Gastroenteritis,5
Gaucher Disease,5
Giardiasis,5
Gonadotropin Inhibition,5
"Gout, Acute",5
Granuloma Inguinale,5
Hemophagocytic Lymphohistiocytosis,5
Hemophilia A,5
Herpes Simplex,5
Hyperimmunoglobulin D Syndrome,5
Hyperthyroidism,5
Iridocyclitis,5
Lennox-Gastaut Syndrome,5
"Lyme Disease, Carditis",5
"Lyme Disease, Erythema Chronicum Migrans",5
"Meningitis, Meningococcal",5
Meningococcal Meningitis Prophylaxis,5
Mycoplasma Pneumonia,5
"Myocardial Infarction, Prophylaxis",5
Neuroblastoma,5
Neurosyphilis,5
Ovulation Induction,5
Parkinsonian Tremor,5
Periodontitis,5
Pneumonia with Cystic Fibrosis,5
Poliomyelitis Prophylaxis,5
Precocious Puberty,5
Pupillary Dilation,5
Shigellosis,5
STD Prophylaxis,5
Stress Ulcer Prophylaxis,5
"Syphilis, Early",5
"Tuberculosis, Prophylaxis",5
"Ulcerative Colitis, Maintenance",5
Fecal Incontinence,4
Adenosine Deaminase Deficiency,4
Neutropenia,4
Alcohol Dependence,4
Allergic Asthma,4
Amyloidogenic Transthyretin Amyloidosis,4
Anaplastic Oligodendroglioma,4
"Anemia, Megaloblastic",4
Anorexia,4
Aplastic Anemia,4
Asystole,4
Autoimmune Hepatitis,4
Binge Eating Disorder,4
Beef Tapeworm Infection (Taenia saginata),4
Osteolytic Bone Metastases of Solid Tumors,4
Botulism,4
Bradyarrhythmia,4
"Breast Cancer, Prevention",4
Bronchogenic Carcinoma,4
Bronchospasm Prophylaxis,4
Malignant Pleural Mesothelioma,4
Candida Urinary Tract Infection,4
Cerebral Arteriography,4
Cholera,4
Choriocarcinoma,4
Chromomycosis,4
Dementia,4
Hashimoto's disease (Chronic Lymphocytic Thyroiditis),4
Chronic Otitis Media,4
Liver Fluke (Clornorchis sinensis),4
CMV Gastroenteritis,4
CMV Infection,4
Ichthyosis,4
Congenital Syphilis,4
Induced Hypotension,4
Minor Cuts,4
Oral and Dental Conditions,4
"Diabetes, Type 3c",4
Dientamoeba fragilis,4
Diverticulitis,4
Dupuytren's contracture,4
Lambert-Eaton Myasthenic Syndrome,4
Eosinophilic Esophagitis,4
Endoscopy or Radiology Premedication,4
Erythroblastopenia,4
Esophageal Carcinoma,4
Euvolemic Hyponatremia,4
Ewing's Sarcoma,4
Expectoration (Mucolysis),4
Extrapyramidal Reaction,4
Factor VII Deficiency,4
Eye Redness/Itching,4
Eyelash Hypotrichosis,4
Facial Lipoatrophy,4
Familial Cold Autoinflammatory Syndrome,4
Tumor Necrosis Factor Receptor Associated Periodic Syndrome,4
"Fusospirochetosis, Trench Mouth",4
Gastrointestinal Hemorrhage,4
Gastrointestinal Stromal Tumor,4
Tenosynovial Giant Cell Tumor,4
Gingivitis,4
Infectious Mononucleosis,4
Malignant Glioma,4
Tympanostomy Tube Placement Surgery,4
Mucopolysaccharidosis Type VII,4
Menorrhagia,4
"Herpes Simplex, Mucocutaneous/Immunocompromised Host",4
"Herpes Zoster, Prophylaxis",4
Hiccups,4
Hirsutism,4
Histoplasmosis,4
Hyperhomocysteinemia,4
Hypoglycemia,4
Hypophosphatemia,4
ICU Agitation,4
Waldenström Macroglobulinemia,4
Legionella Pneumonia,4
Light Anesthesia,4
Lymphocytic Colitis,4
Macular Edema,4
Melioidosis,4
Muckle Wells Syndrome,4
Mucositis,4
Multiple Endocrine Adenomas,4
"Mycobacterium avium-intracellulare, Prophylaxis",4
Neutropenia Associated with Chemotherapy,4
Niacin Deficiency,4
Nonobstructive Oliguria,4
NSAID-Induced Ulcer Prophylaxis,4
Ocular Rosacea,4
Organophosphate Poisoning,4
Pain/Fever,4
Percutaneous Coronary Intervention,4
Perimenopausal Symptoms,4
Phenylketonuria,4
Pork Tapeworm Infection (Taenia solium),4
Postpartum Bleeding,4
Premature Labor,4
Prevention of Hypokalemia,4
Primary Immunodeficiency Syndrome,4
Transurethral Prostatectomy,4
Psittacosis,4
Q Fever,4
Radiation Emergency,4
Rat-bite Fever,4
"Refraction, Assessment",4
Renal Transplant,4
Reversal of Nondepolarizing Muscle Relaxants,4
Rheumatic Fever Prophylaxis,4
Salmonella Gastroenteritis,4
Small Bowel Bacterial Overgrowth,4
Scabies,4
Secondary Hyperparathyroidism,4
Vasospasm,4
Spondylolisthesis,4
"Syphilis, Latent",4
Tertiary Syphilis,4
"Tuberculosis, Latent",4
Typhoid Fever,4
Urinary Alkalinization,4
Venous Thromboembolism,4
Vitamin/Mineral Supplementation during Pregnancy/Lactation,4
Acidosis,3
Actinic Keratosis,3
Adams-Stokes Syndrome,3
Agitated State,3
Alcoholism,3
Alkalosis,3
Amyloidosis,3
Anal Fissure and Fistula,3
"Anemia, Drug Induced",3
Angioedema,3
Magnetic Resonance Angiography,3
Arteriosclerotic Dementia,3
Reiter's Syndrome,3
Asperger Syndrome,3
"Aspergillosis, Aspergilloma",3
AV Heart Block,3
Babesiosis,3
IgA Nephropathy,3
Blepharoconjunctivitis,3
"Breast Cancer, Male",3
Lactation Augmentation,3
Bronchopulmonary Dysplasia,3
Chronic Eosinophilic Leukemia,3
Conjunctival Mucosa-Associated Lymphoid Tissue Lymphoma,3
Cytokine Release Syndrome,3
Cardiac Arrhythmia,3
Hypertrophic Cardiomyopathy,3
Multicentric Castleman’s Disease,3
Cervicitis,3
Chorioditis,3
Tic Disorder,3
Chronic Spasticity,3
Eosinophilic Granulomatosis with Polyangiitis,3
Prevention of Clostridioides difficile Infection Recurrence,3
Closure of Colostomy,3
"Coccidioidomycosis, Meningitis",3
Herpes Simplex - Congenital,3
"Constipation, Acute",3
"Constipation, Drug Induced",3
Neurosis,3
Coronary Arteriography,3
Costochondritis,3
"Cryptococcal Meningitis, Immunocompetent Host",3
Cyclitis,3
Cystinuria,3
Deep Vein Thrombosis Prophylaxis after Abdominal Surgery,3
"Delayed Puberty, Male",3
Dengue Fever,3
Toothache,3
Dermatophytosis,3
Diphtheria,3
Submental Fullness,3
Duchenne Muscular Dystrophy,3
Dystonia,3
Dysuria,3
Mononucleosis,3
Echinococcus,3
"Epicondylitis, Tennis Elbow",3
"Filariasis, Elephantiasis",3
Focal Segmental Glomerulosclerosis,3
Follicle Stimulation,3
Fungal Infections,3
Gestational Diabetes,3
Giant Cell Arteritis,3
Glaucoma/Intraocular Hypertension,3
Gram Negative Infection,3
Granuloma Annulare,3
Hemolytic Anemia,3
Hemophilia B,3
Hepatic Encephalopathy,3
Hepatitis A Prophylaxis,3
"Herpes Simplex, Mucocutaneous/Immunocompetent Host",3
"Herpes Simplex, Suppression",3
Histiocytosis,3
Hypercalcemia,3
Hyperuricemia Secondary to Chemotherapy,3
Hyponatremia,3
Respiratory Depression,3
Immunosuppression,3
Infection Prophylaxis,3
Interstitial Lung Disease,3
Intra-arterial Digital Subtraction Angiography,3
"Mucormycosis, Invasive",3
Nephrolithiasis,3
Labor Induction,3
Labor Pain,3
Lymphangioleiomyomatosis,3
Leprosy,3
Leptospirosis,3
Mild Cognitive Impairment,3
Measles Prophylaxis,3
"Meningitis, Pneumococcal",3
Menstrual Disorders,3
Methotrexate Overdosage,3
Mucopolysaccharidosis Type IV,3
Mumps Prophylaxis,3
Neonatal Abstinence Syndrome,3
Neck Pain,3
Neutropenia Associated with Radiation,3
Nocturia,3
Non-24-Hour Sleep Wake Disorder,3
Obstructive Sleep Apnea/Hypopnea Syndrome,3
Ornithosis,3
Osteomalacia,3
Paracoccidioidomycosis,3
Patent Ductus Arteriosus,3
Pathological Hypersecretory Conditions,3
Peripheral Arteriography,3
Physical Urticaria,3
Plague Prophylaxis,3
Polymyositis/Dermatomyositis,3
Postoperative Pain,3
Premature Ejaculation,3
Premature Ventricular Depolarizations,3
"Skin Disinfection, Preoperative",3
Primary Nocturnal Enuresis,3
Proctitis,3
Production of Miosis,3
Pulmonary Edema,3
Rabies Prophylaxis,3
Radionuclide Myocardial Perfusion Study,3
Rejection Prophylaxis,3
Renal Osteodystrophy,3
Rhinitis,3
Rickettsial Infection,3
Salmonella Enteric Fever,3
Systemic Sclerosis-Associated Interstitial Lung Disease,3
Venomous Scorpion Bite,3
Seasonal Allergic Conjunctivitis,3
Short Bowel Syndrome,3
Sjogren's Syndrome,3
Sleep Paralysis,3
Sporotrichosis,3
Sunburn,3
Systemic Fungal Infection,3
Thromboembolic Stroke Prophylaxis,3
Trachoma,3
Tuberous Sclerosis,3
TSH Suppression,3
"Tuberculosis, Resistant",3
Upper Limb Spasticity,3
Urinary Acidification,3
Urography,3
"Uveitis, Posterior",3
Vascular Magnetic Resonance Imaging,3
Venography,3
Ventricular Arrhythmia,3
Ventricular Fibrillation,3
von Willebrand Disease,3
Wilson's Disease,3
Abdominal Radiological Procedure,2
Ectopic Pregnancy,2
Acetaminophen Overdose,2
Methemoglobinemia,2
Vaginal pH Imbalance,2
Alpha-1 Proteinase Inhibitor Deficiency,2
Amyloid Cardiomyopathy,2
Anaplastic Astrocytoma,2
"Anemia, Chemotherapy Induced",2
Peripheral Angiography,2
Renal Angiomyolipoma,2
Ethylene Glycol Poisoning,2
Antithrombin III Deficiency,2
Aortic Aneurysm,2
Aortic Stenosis,2
Aortography,2
"Aphthous Stomatitis, Recurrent",2
Apnea of Prematurity,2
Atrial Tachycardia,2
Autoimmune Hemolytic Anemia,2
Autoimmune Neutropenia,2
B Cell Lymphoma,2
Benzodiazepine Withdrawal,2
Blepharospasm,2
Body Imaging,2
"Breast Cancer, Bone Metastases",2
Breakthrough Pain,2
Osteogenesis Imperfecta,2
Minor Burns,2
Cachexia,2
Dermatofibrosarcoma Protuberans,2
Osteogenic Sarcoma,2
Skin Cancer,2
Capillariasis,2
Carpal Tunnel Syndrome,2
Cataplexy,2
Cerebral Edema,2
Cerebral Spasticity,2
Ear Wax Impaction,2
Chronic Mucocutaneous Candidiasis,2
Chronic Pancreatitis,2
Computed Tomography,2
Congenital Fibrinogen Deficiency,2
Corneal Refractive Surgery,2
Cutaneous Sporotrichosis,2
Cysticercus cellulosae,2
"Deep Vein Thrombosis, Recurrent Event",2
Gastroparesis,2
Neurotic Depression,2
Photoaging of the Skin (Dermatoheliosis),2
Diabetes Mellitus,2
Diabetic Retinopathy,2
Digitalis Glycoside Toxicity,2
Dracunculiasis,2
Excessive Salivation,2
Infectious Diarrhea,2
Dyslipidemia,2
Electromechanical Dissociation,2
"Endometrial Hyperplasia, Prophylaxis",2
"Epididymitis, Non-Specific",2
Esophageal Variceal Hemorrhage Prophylaxis,2
Extravasation,2
Fabry Disease,2
Factor X Deficiency,2
Failure to Thrive,2
Familial Adenomatous Polyposis,2
Familial Mediterranean Fever,2
Fibromatosis,2
Folic Acid Deficiency,2
Fungal Endocarditis,2
Fungal Infection Prevention,2
"Fungal Infection, Internal and Disseminated",2
Fungal Pneumonia,2
Gallbladder Disease,2
Gastrointestinal Perforation,2
Gastrointestinal Surgery,2
Gastrointestinal Tract Examination,2
Giant Cell Tumor of Bone,2
Glanzmann's Disease,2
Growth Hormone Reserve Test,2
GTP-CH Deficiency,2
Head Imaging,2
Hemochromatosis,2
Hemolytic Uremic Syndrome,2
Hemophilia A with Inhibitors,2
Hemosiderosis,2
Hemostasis,2
Hepatic Coma,2
Hereditary Orotic Aciduria,2
Herniated Disk,2
High Risk Percutaneous Transluminal Angioplasty,2
Mucopolysaccharidosis Type I,2
Hydatid Disease,2
Hyperammonemia,2
Hypermagnesemia,2
Hyperparathyroidism Secondary to Renal Impairment,2
Hyperphosphatemia,2
Hyperprolactinemia,2
Hypokalemic Periodic Paralysis,2
Hypopituitarism,2
Hypovolemia,2
Idiopathic Hypertrophic Subaortic Stenosis,2
Influenza A,2
Inhibition of Intraoperative Miosis,2
Insect Bites,2
Intermittent Claudication,2
Iron Overload,2
"Lead Poisoning, Severe",2
Left Ventriculography,2
"Leprosy, Erythema Nodosum Leprosum",2
"Leprosy, Tuberculoid",2
Leukocytoclastic Vasculitis,2
Lipodystrophy,2
Liposarcoma,2
Lower Limb Spasticity,2
Lymphogranuloma Venereum,2
Lysosomal Acid Lipase Deficiency,2
McCune-Albright Syndrome,2
Mixed Connective Tissue Disease,2
Medical Procedures,2
Melasma,2
"Meningitis, Streptococcus Group B",2
Metabolic Acidosis,2
Methotrexate Rescue,2
Microscopic polyangiitis,2
Microsporidiosis,2
Minor Skin Conditions,2
Mountain Sickness / Altitude Sickness,2
Myelodysplastic Diseases,2
Spina bifida,2
Myeloproliferative Disorders,2
Myxedema Coma,2
Nasal Carriage of Staphylococcus aureus,2
"Nasal Polyps, Prevention",2
"Nausea/Vomiting, Radiation Induced",2
Necrobiosis Lipoidica Diabeticorum,2
Nephropathy,2
Nerve Agent Poisoning,2
Neuritis,2
Neuroleptic Malignant Syndrome,2
Nightmares,2
NSAID-Induced Gastric Ulcer,2
Oppositional Defiant Disorder,2
Oliguria,2
"Onchocerciasis, River Blindness",2
Ophthalmic Viscoelastic Agent,2
Opiate Dependence - Induction,2
Opiate Dependence - Maintenance,2
Osteopenia,2
Pancreatitis,2
PANDAS Syndrome,2
Paroxysmal Supraventricular Tachycardia,2
Paroxysmal Nocturnal Hemoglobinuria,2
Pseudobulbar Affect,2
Pelvic Infections,2
Performance Anxiety,2
Pheochromocytoma Diagnosis,2
Plantar Fasciitis,2
Pleural Effusion,2
Primary Mediastinal Large B-cell Lymphoma,2
Pneumococcal Disease Prophylaxis,2
Polycythemia Vera,2
Polymyalgia Rheumatica,2
Portal Hypertension,2
Post-Cholecystectomy Diarrhea,2
Postanesthetic Shivering,2
Postoperative Gas Pains,2
Postoperative Increased Intraocular Pressure,2
Postpartum Breast Pain,2
Pouchitis,2
Prevention of Atherothrombotic Events,2
Prevention of Dental Caries,2
"Prosthetic Heart Valves, Mechanical Valves - Thrombosis Prophylaxis",2
Pseudohypoparathyroidism,2
Pubertal Gynecomastia,2
Pudendal Neuralgia,2
"Pulmonary Embolism, Recurrent Event",2
Reduction of Perinatal Transmission of HIV,2
Renal Arteriography,2
Renal Tubular Acidosis,2
Respiratory Failure,2
"Revascularization Procedures, Prophylaxis",2
Reversal of Neuromuscular Blockade,2
"Reversible Airways Disease, Maintenance",2
Rhabdomyosarcoma,2
Rickets,2
Rubella Prophylaxis,2
SAPHO Syndrome,2
Schilling Test,2
Scrapes,2
Secondary Cutaneous Bacterial Infections,2
Subependymal Giant Cell Astrocytoma,2
Shift Work Sleep Disorder,2
Shunt Infection,2
SIADH,2
Sialorrhea,2
Skin Pigmentation Disorder,2
Smallpox Prophylaxis,2
Spinal Muscular Atrophy,2
Spleen Removal (Splenectomy),2
Stomatitis,2
Strongyloidiasis,2
Vitamin B1 Deficiency,2
Thrombocytopenia Idiopathic,2
Thrombotic Thrombocytopenic Purpura,2
Thyroid Suppression Test,2
Tinnitus,2
Trichinosis,2
Trichomoniasis,2
Tuberculous Meningitis,2
Turner Syndrome,2
Typhoid Prophylaxis,2
Undifferentiated Connective Tissue Disease,2
Ulcerative Proctitis,2
Upper GI Hemorrhage,2
Urea Cycle Disorders,2
Urinary Retention,2
Urinary Tract Tumors,2
Uterine Fibroids,2
Vaginal Dryness,2
"Varicella-Zoster, Prophylaxis",2
Varicose Veins,2
Venomous Snake Bite,2
Visceral Arteriography,2
"Visceral Larva Migrans, Toxicariasis",2
Vitamin A Deficiency,2
Vitamin B12 Deficiency,2
Vitamin D Deficiency,2
Wound Cleansing (Wound Debridement),2
Abdominal Distension Prior to Abdominal X-ray,1
"Acute Coronary Syndrome, Prophylaxis",1
Acute Myeloblastic Leukemia,1
Adenovirus Prophylaxis,1
Adjunct to Antibiotic Therapy,1
Adrenal Cortical Carcinoma,1
Adult Human Growth Hormone Deficiency,1
Aggressive Behavior,1
Agoraphobia,1
Akathisia,1
Anemia Associated with Iron Deficiency,1
Anemia Prior to Surgery,1
Angioblastoma,1
Angiocardiography,1
Angiostrongylosis,1
Anorexia/Feeding Problems,1
Anti NMDA Receptor Encephalitis,1
Anticholinergic Syndrome,1
Anticholinesterase Overdose,1
Anticholinesterase Poisoning,1
Anticoagulation During Pregnancy,1
Appendectomy,1
Appendicitis,1
Arsenic Poisoning,1
Arthrography,1
B12 Nutritional Deficiency,1
Balantidium coli,1
Barium Meal Transit,1
Barium Poisoning,1
Bartter Syndrome,1
Benzodiazepine Overdose,1
Beriberi,1
Beta Thalassemia,1
Bile Acid Synthesis Disorders,1
Blood Cell Transplantation,1
Blood Disorders,1
"Bone Marrow Transplantation, Failure or Engraftment Delay",1
"Bone Marrow Transplantation, Myeloid Reconstruction",1
Botulism Prophylaxis,1
Bronchospasm During Anesthesia,1
Bruxism,1
"Burns, Nitrogen Retention",1
Calcium Oxalate Calculi with Hyperuricosuria,1
Capecitabine Overdose,1
Carcinoid Syndrome,1
Carcinoid Syndrome Diarrhea,1
Carcinoid Tumor,1
Cardiac Arrest,1
Cardiomyopathy Prophylaxis,1
Cardiothoracic Surgery,1
Carnitine Deficiency,1
Cerebral Thrombosis/Embolism,1
Cerebrovascular Insufficiency,1
Cervical Ripening,1
Chemotherapy Toxicity,1
Chiari Malformation,1
Cholera Prophylaxis,1
Chronic Active Hepatitis,1
Chronic Central Venous Catheterization,1
Chronic Granulomatous Disease,1
Chronic Rhinosinusitis with Nasal Polyps,1
Corneal Cystine Crystal Accumulation,1
Croup,1
Crow's Feet,1
Cutaneous Fungal Infection,1
Cystourethrography,1
Deep Vein Thrombosis Prophylaxis after Orthopedic Surgery,1
"Deep Vein Thrombosis, First Event",1
Deep Vein Thrombosis/Pulmonary Embolism Prophylaxis Following Hip Replacement Surgery,1
Dehydration,1
"Dermal Necrosis, Prophylaxis",1
"Dermal Necrosis, Treatment",1
Dermatographism,1
Diagnostic Bronchograms,1
Dietary Fiber Supplementation,1
Digital Subtraction Angiography,1
Drug Induced Vitamin/Mineral Deficiency,1
Ebola Zaire Disease Prophylaxis,1
Encephalopathy,1
Endometrial Hyperplasia,1
Enterobiasis,1
Epithelioid Sarcoma,1
Erdheim-Chester Disease,1
Erythema Mulitforme,1
Esophageal Varices,1
Esophageal Varices with Bleeding,1
Eumycetoma,1
Exchange Transfusion,1
Exposure to Hepatitis B Virus,1
Factor XIII Deficiency,1
Familial Hypophosphatemia,1
Fascioliasis,1
"Fasciolopsis buski, Intestinal Fluke",1
Felty's Syndrome,1
Fibrinolytic Bleeding,1
Fibrocystic Breast Disease,1
Fluorouracil Overdose,1
Folic Acid Antagonist Overdose,1
Foot Care,1
Functional Gastric Disorder,1
Fungal Meningitis,1
Fungal Peritonitis,1
Fusariosis,1
Gallbladder Contraction,1
Gastric Ulcer Maintenance Treatment,1
Gastric Ulcer Prophylaxis,1
Gastrinoma,1
Gastrointestinal Candidiasis,1
Gastrointestinal Decontamination,1
Gitelman Syndrome,1
Glanders,1
"Glaucoma, Narrow Angle",1
Glucagonoma,1
Gnathostomiasis,1
"Gold Poisoning, Severe",1
"Gout, Prophylaxis",1
"Growth Retardation, Chronic Renal Failure",1
Gynecological Conditions,1
Hangover,1
Heat Stress,1
Hemorrhagic Cystitis Prophylaxis,1
Heparin Overdose,1
Hepatic Tumor,1
Hepatic Veno-Occlusive Disease,1
Hepatitis A,1
Herbal Supplementation,1
Hereditary Tyrosinemia Type 1,1
Herpes Simplex Dendritic Keratitis,1
Herpes Simplex Encephalitis,1
Herpes Zoster Iridocyclitis,1
"Heterophyes heterophyes, Intestinal Fluke",1
"Heterotopic Ossification, Spinal Cord Injury",1
"Heterotopic Ossification, Total Hip Arthroplasty",1
Hidradenitis Suppurativa,1
"Histoplasmosis, Immunocompenent Host",1
"Histoplasmosis, Meningitis",1
Human Papillomavirus Prophylaxis,1
Hydrocephalus,1
Hypereosinophilic Syndrome,1
Hyperkalemic Periodic Paralysis,1
Hypodermoclysis,1
Hypophosphatasia,1
Hypoproteinemia,1
"Hypoprothrombinemia, Anticoagulant Induced",1
"Hypoprothrombinemia, Not Associated with Anticoagulant Therapy",1
"Hypoprothrombinemia, Prophylaxis",1
Hysterectomy,1
Hysterosalpingography,1
Idiopathic Short Stature,1
Immunodeficiency,1
Inclusion Conjunctivitis,1
"Insomnia, Stimulant-Associated",1
Insulinoma,1
Intestinal Arterial Insufficiency,1
Intra- or Post-op SVT or Hypertension,1
Intravenous Digital Subtraction Angiography,1
Intravenous Urography,1
"Iron Poisoning, Acute",1
"Iron Poisoning, Chronic",1
IV Catheter Clot,1
Japanese Encephalitis Virus Prophylaxis,1
Jet Lag,1
Keloids,1
Klinefelter Syndrome,1
Lactation Suppression,1
Lactose Intolerance,1
Langerhans' Cell Histiocytosis,1
"Lead Poisoning, Mild",1
"Leprosy, Borderline",1
"Leprosy, Dapsone-Resistant",1
"Leprosy, Dapsone-Sensitive",1
"Leprosy, Lepromatous",1
Lhermitte's Sign,1
Lithium Tremor,1
Liver Magnetic Resonance Imaging,1
Liver Metastasis in Adenocarcinoma,1
Loiasis,1
Long QT Syndrome,1
Macrophage Activation Syndrome,1
Malignant Hyperthermia,1
Malignant Pleural Effusion,1
Manscaping Pain,1
Measles,1
Meniere's Disease,1
"Meningitis, Haemophilus influenzae",1
"Meningitis, Listeriosis",1
Mercury Poisoning,1
"Metagonimus yokogawai, Intestinal Fluke",1
Methanol Poisoning,1
Molluscum Contagiosum,1
Moniliformis Infection,1
Monkeypox Prophylaxis,1
Mucopolysaccharidosis Type II,1
Mucopolysaccharidosis Type VI,1
Multifocal Motor Neuropathy,1
Mycobacterium kansasii,1
Myelography,1
Myopathy,1
Myopic Choroidal Neovascularization,1
Myxedema,1
Nail Dystrophy,1
Naophyetus salmincola,1
Neonatal Conjunctivitis,1
Neoplastic Diseases,1
Nephrocalcinosis,1
Nephropathic Cystinosis,1
Nerve Agent Pretreatment,1
Neurocysticercosis,1
Neurological Disorders,1
Neuromyelitis Optica,1
Neurosurgery,1
Neurotrophic Keratitis,1
Neutropenia Associated with AIDS or Zidovudine,1
Niacin Flush,1
Niemann-Pick Disease,1
Nocardiosis,1
Noonan's Syndrome,1
Ocular Fungal Infection,1
Oligospermia,1
Ophthalmic Surgical Staining,1
Opiate Adjunct,1
Opioid Overdose,1
"Opisthorchis viverrini, Liver Fluke",1
Optic Neuritis,1
Oral Allergy Syndrome,1
Orbicularis Oculi,1
"Organ Transplant, Rejection Reversal",1
Osteopetrosis,1
Pancreatic Exocrine Dysfunction,1
Pancreatic Secretion,1
Paraganglioma,1
"Paragonimus westermani, Lung Fluke",1
Parkinson's Disease Psychosis,1
Parkinsonism,1
Patency Maintenance of Indwelling Intravenous Devices,1
Pathological Hypersecretory Disorder,1
Pediatric Angiocardiography,1
Pediatric Growth Hormone Deficiency,1
Pellagra,1
Pemphigus Vulgaris,1
Penicillin Sensitization Testing,1
Peripheral Progenitor Cell Transplantation,1
Peritoneal dialysis,1
Pernicious Anemia,1
Peyronie's Disease,1
Pituitary Adenoma,1
Platelet Aggregation Inhibition,1
Poison Ivy,1
Poison Oak,1
Poison Sumac,1
Polychondritis,1
Pompe disease,1
Post-Polio Syndrome,1
Postoperative Albumin Loss,1
Postoperative Ileus,1
Prader-Willi Syndrome,1
Prepubertal Cryptorchidism,1
Prevention of Falls,1
Prevention of Fractures,1
Prevention of Phototoxicity in Erythropoietic Protoporphyria,1
Prevention of Radiographic Contrast Nephropathy,1
Prevention of Sunburn,1
Primary Hyperaldosteronism,1
Primary Hyperaldosteronism Diagnosis,1
Primary Hyperparathyroidism,1
Primary IGF-1 Deficiency,1
Primary Periodic Paralysis,1
Progesterone Insufficiency,1
"Prosthetic Heart Valves, Tissue Valves - Thrombosis Prophylaxis",1
Protein C Deficiency,1
Protein S Deficiency,1
Pruritus of Partial Biliary Obstruction,1
Pseudoallescheriosis,1
"Pseudogout, Prophylaxis",1
"Pulmonary Embolism, First Event",1
Pulmonary Tuberculosis,1
Pyoderma Gangrenosum,1
Radiographic Exam,1
Reactive Perforating Collangenosis,1
Rejection Reversal,1
Retinal Disorders,1
Retinopathy,1
Retinopathy Prophylaxis,1
Reversal of Acquired Coagulation Factor Deficiency,1
Reversal of Anesthesia,1
Reversal of Anticoagulation,1
Reversal of Dabigatran Anticoagulation,1
Reversal of Opioid Sedation,1
Reversal of Sedation,1
Rh-Isoimmunization,1
Rheumatic Fever,1
Rubella,1
Salivary Gland Cancer,1
Schistosoma haematobium,1
Schistosoma japonicum,1
Schistosoma mansoni,1
Schistosoma mekongi,1
Schnitzler Syndrome,1
Scurvy,1
Seasonal Affective Disorder,1
Seborrheic Keratosis,1
Seizure Prophylaxis During or Following Neurosurgery,1
Serosal Cavity Neoplastic Disease,1
Serum Sickness,1
Short Stature for Age,1
Sitosterolemia,1
Small Bowel or Pancreatic Fistula,1
Small Intestine Intubation,1
Smallpox,1
Smallpox Vaccine Reaction,1
Spasticity,1
Spinal Spasticity,1
Stem Cell Transplant Conditioning,1
Steroid Responsive Inflammatory Conditions,1
Stevens-Johnson Syndrome,1
Strabismus,1
Subarachnoid Hemorrhage,1
Subcorneal Pustular Dermatosis,1
Subcutaneous Urography,1
Sucrase-Isomaltase Deficiency,1
Superficial Siderosis,1
Sweet's Syndrome,1
Syphilitic Aortic Aneurysm,1
Systemic Candidiasis,1
Takayasu's Arteritis,1
Tapering Regimen,1
Temporal Arteritis,1
Thromboembolic Disorder,1
Thyroid Eye Disease,1
Thyroid Storm,1
Thyrotoxicosis,1
Transcobalamin II Deficiency,1
"Tuberculosis, HIV Positive",1
Uterine Bleeding,1
Uterine Leiomyomata,1
Vaccination and Prophylaxis,1
Vasoactive Intestinal Peptide Tumor,1
Vasomotor Rhinitis,1
Venomous Spider Bite,1
Vitamin D Insufficiency,1
Vitamin E Deficiency,1
Vitamin K Deficiency,1
Vitrectomy,1
Vitreomacular Adhesion,1
Wernicke's Encephalopathy,1
West Syndrome,1
Wound Infection,1
X-Linked Hypophosphatemia,1
Yellow Fever Prophylaxis,1
Zinc Deficiency,1
